{"text": "Contact John Smith at john@acme.com, key sk-proj-abc123def456.", "ids": [9133, 5928, 16627, 540, 64626, 31, 359, 1047, 1136, 11, 2140, 1705, 9666, 73, 12, 26682, 7633, 1314, 19354, 13], "labels": ["O", "B-account_number", "I-account_number", "E-account_number", "S-account_number", "B-private_address", "I-private_address", "E-private_address", "S-private_address", "B-private_date", "I-private_date", "E-private_date", "S-private_date", "B-private_email", "I-private_email", "E-private_email", "S-private_email", "B-private_person", "I-private_person", "E-private_person", "S-private_person", "B-private_phone", "I-private_phone", "E-private_phone", "S-private_phone", "B-private_url", "I-private_url", "E-private_url", "S-private_url", "B-secret", "I-secret", "E-secret", "S-secret"], "argmax": [0, 17, 19, 0, 13, 14, 14, 14, 15, 0, 0, 21, 30, 30, 30, 30, 22, 22, 23, 0], "logits": [[15.26222, -1.95974, -1.24216, -0.71019, -0.84968, -0.96382, -1.40535, -0.28577, -1.64756, 1.84422, -0.45845, 0.25179, -1.58346, 2.04953, -0.93058, 1.65502, -3.34878, 1.90725, -0.0924, 1.21668, -2.17825, -1.93766, -2.13548, -0.34729, -2.10141, -0.34813, 3.00312, 2.24868, -2.26134, -0.63496, 1.17145, -0.41043, -0.00712], [10.95868, 2.57241, 0.38539, -1.03733, -2.9834, 2.55804, 1.99899, -0.66798, -0.84701, 3.37102, 0.43519, 0.64228, -0.15597, 1.87505, -1.05798, 1.26461, 2.90023, 20.32571, 4.43377, -0.90739, 5.7298, 1.31528, 0.33111, 0.55289, 0.11883, 0.76347, 2.06211, 1.78518, -0.1931, 1.63445, 2.92526, -0.42394, -0.0623], [11.62204, -1.45375, -2.67658, 3.19976, -1.26621, -0.11676, 0.28378, 2.13048, -1.93476, 0.50291, 0.26849, 2.54951, -1.42282, -0.89503, -0.72354, 1.42645, -1.25515, -1.53741, 2.92623, 20.23889, 5.00322, 1.66688, 0.83552, 3.50192, 0.15985, -1.6329, -0.08931, 3.79663, -1.16786, -3.78547, 0.00095, 3.08001, -1.97304], [20.27039, -4.22428, -3.565, -0.52926, -0.615, -2.87582, -1.95045, -1.86772, -2.07673, -2.21044, 0.35565, -0.01352, -2.82895, 4.18956, -1.37142, -0.52244, -7.3011, 0.129, -0.92614, -0.05872, -0.56117, -3.24479, -3.46027, -2.65814, -3.70808, -2.17764, -0.96006, 1.11875, -4.26244, -1.59297, -1.62248, -0.89978, -2.80603], [7.84437, 3.78344, -3.4963, -2.04477, -1.46407, 3.68703, 2.76666, 2.23928, 4.87963, 3.76894, 2.58261, 5.34954, 4.01913, 20.79043, 6.40791, 2.93822, 3.70207, 7.8806, 4.2106, 2.9885, 3.49777, 3.85358, 2.13075, 1.44423, 3.21753, 6.17785, 3.05434, 1.46207, 3.00453, 6.47597, 4.21764, -1.09697, 2.1809], [7.55473, -0.52449, 2.70012, -2.05733, -0.82707, 2.10532, 5.42972, 1.61914, 1.42625, 2.6884, 7.2871, 2.30137, 3.19449, 3.5958, 20.89847, 5.1988, 1.7298, 4.82726, 8.00123, 0.44165, 1.55789, 1.68778, 6.2298, -0.37857, 1.53339, 0.88404, 5.53091, -1.76608, 0.6598, 0.03997, 7.78368, 2.55425, 0.10829], [6.25879, -1.70868, 1.25148, -2.58271, -1.56206, 1.01785, 5.40769, 1.06705, 1.39151, 1.68788, 7.2128, 2.10812, 3.10465, 3.79903, 21.90659, 5.41606, 1.29156, 3.65461, 7.96328, 0.59768, 0.92128, 1.77731, 6.14744, -0.20196, 2.07207, -0.07048, 3.89627, -2.60937, 1.02652, -1.17158, 7.29508, 1.54475, -0.70564], [6.55247, -1.57245, 0.59552, -2.66591, -1.51643, 1.51377, 5.02596, 0.7462, 1.51912, 1.68033, 6.80453, 2.12004, 3.06966, 3.98306, 21.53313, 6.16059, 0.89082, 3.21903, 6.84979, 0.61097, 1.21959, 2.14514, 5.86898, -0.1692, 2.44908, -0.24039, 2.97999, -2.88687, 0.51793, -1.35793, 6.35674, 1.30804, -0.63845], [5.73803, -1.71034, -3.22601, 2.06292, 0.49836, 1.56834, 1.62213, 1.78293, 0.12862, -1.2138, -0.41633, 4.72461, 1.96824, 1.72508, 8.94838, 18.5821, 6.03533, 3.95941, 1.93002, 5.56344, 5.02108, 3.86772, 3.54748, 6.29738, 6.32482, 0.19215, 0.3291, 3.30753, 1.03583, -0.10538, 4.26161, 5.41571, 3.21911], [16.62653, -1.65081, -0.39915, -3.88011, -1.98203, 0.55495, 4.54315, -1.31877, -1.85045, -1.55992, 2.08566, -0.54697, -2.83013, 1.57367, 3.36159, 1.71625, -4.11016, 1.90834, 3.44775, -0.9128, -1.05703, -0.06686, 2.54352, -1.58913, -1.7039, -0.51596, 2.16368, -1.65655, -2.00449, 1.35072, 2.04076, -2.51727, -0.68769], [12.46168, 1.37029, -2.56692, -2.00863, -1.61527, 2.61441, 3.01866, 0.01018, -0.35777, -0.69055, -1.90753, 0.02641, -1.69653, 1.9834, 0.02855, 1.48586, -1.2105, 4.55112, 2.00599, 2.03863, 3.95622, 4.81414, 2.56449, 0.92087, 2.20093, 0.86926, 0.74512, -0.37976, -0.65219, 3.54037, 0.39636, -2.60796, 1.70901], [8.13634, 5.73354, -0.0788, -4.72019, -0.97353, 5.49144, 4.81164, 1.62046, 2.28634, 1.78696, -0.11009, 1.50864, 1.13452, 8.10232, 3.79848, 2.15055, 2.45088, 7.26501, 4.43301, 2.6709, 3.22474, 13.25959, 6.6835, 2.74371, 4.87965, 7.02606, 3.63662, -0.51372, 2.22555, 11.70777, 6.80922, 0.33068, 3.52286], [9.33413, -0.60965, 6.42218, -4.0271, -1.81979, 1.16617, 7.8024, 0.56546, 1.00947, -0.04557, 3.95728, 0.39775, 0.31364, 1.64604, 6.73195, 0.1421, 0.35961, 2.34918, 8.46637, 1.95996, 0.80177, 4.88482, 11.30623, 1.54172, 2.96614, 1.09202, 7.28499, -3.18223, 0.3822, 3.79104, 13.09219, 1.74727, 0.33821], [9.19954, 0.07418, 6.91399, -3.64517, -1.41628, 1.10183, 8.09406, 1.17484, 1.94745, 0.1487, 4.64856, 1.50249, 1.35069, 2.39875, 7.71921, 0.40004, 0.87839, 2.17037, 8.28272, 2.59648, 1.14868, 5.80022, 12.60648, 2.20266, 3.60698, 1.4071, 8.03202, -3.42514, 0.81339, 3.23691, 13.99459, 1.35702, 0.69401], [9.70343, 0.18214, 7.87861, -3.35093, -0.75215, 2.01966, 8.60772, 0.95094, 1.97929, 0.14764, 3.94892, 0.76172, 0.72798, 1.70258, 7.21533, 0.22353, 1.18352, 2.63199, 8.48777, 2.78393, 1.81432, 5.53747, 13.41685, 2.3098, 3.57884, 0.78304, 7.92001, -3.04689, 0.31309, 3.31936, 13.96561, 1.96645, 1.03487], [9.04732, 0.6277, 7.5822, -2.82568, -1.33268, 2.01666, 7.55035, 1.46818, 1.84348, 0.4067, 3.24361, 0.96948, 1.13643, 1.9987, 6.41754, 0.89894, 1.51312, 2.59163, 7.09893, 3.29881, 2.03292, 6.62368, 13.55472, 3.22205, 4.06723, 0.9658, 7.40863, -2.05603, 1.24455, 3.66086, 14.367, 2.98658, 1.69587], [9.67105, 0.83403, 7.88053, -3.14334, -1.15289, 2.86369, 7.42318, 0.80058, 1.38694, 1.0269, 3.66162, 0.82624, 1.47013, 1.75553, 7.16206, 1.43947, 2.28461, 3.91766, 7.75341, 3.39722, 3.37723, 6.6144, 14.89507, 3.20353, 4.49239, 1.48518, 6.92915, -2.39514, 0.949, 3.66142, 13.69796, 2.50912, 1.69913], [9.32825, -0.16478, 7.38767, -2.4395, -1.15951, 2.02439, 6.72219, 1.21526, 0.87225, 1.008, 3.99212, 1.32913, 1.65653, 1.60062, 6.74624, 2.16822, 2.61018, 4.08189, 7.93765, 3.7584, 3.19567, 5.75425, 14.5031, 4.28708, 4.67602, 1.56177, 6.51506, -1.18934, 1.19551, 3.02329, 13.61303, 3.55168, 1.81539], [10.35994, -3.61422, -2.95792, 7.30584, 0.27445, 0.39426, 1.57556, 6.61114, 1.3179, -0.53902, -2.17813, 4.04169, 1.49148, 0.78454, 0.86898, 9.25421, 2.36759, 3.56529, 1.0007, 9.552, 3.15902, 2.63586, 2.99278, 14.64147, 5.82388, 1.10675, -0.01373, 8.71359, 1.61899, 1.11806, 5.65913, 13.08899, 4.39524], [14.8885, -0.77995, 0.21237, 1.92141, 1.46655, 0.52383, 1.97866, 4.08329, 0.76823, 0.49328, -0.3819, 1.33226, 0.18974, 0.89097, 0.45136, 2.08336, -2.92164, 1.95878, 1.70814, 1.91944, -0.13612, -0.45992, 0.83153, 1.96739, -0.54617, 0.26291, 0.5056, 2.46112, -1.26207, 0.70767, 1.80118, 2.60978, 1.77232]]}